INSERT INTO author_details VALUES(1, 'Ion Creanga (1 March 1837, Humulesti, Romania – 31 December 1889, Iasi) was a Romanian writer. He wrote all kinds of stories including his autobiography Amintiri din Copilarie.');
INSERT INTO author_details VALUES(2, 'British author, creator of the popular and critically acclaimed Harry Potter series, about a young sorcerer in training.');
insert into author_details values(3, 'Franklin Patrick Herbert Jr. (October 8, 1920 – February 11, 1986) was an American science-fiction author, best known for his 1965 novel Dune and its five sequels.');
insert into author_details values(4, 'Mihai Eminescu was a Romanian Romantic poet from Moldavia, novelist, and journalist, generally regarded as the most famous and influential Romanian poet.');
insert into author_details values(5, 'Stephen King is an American novelist and short-story writer whose books are credited with reviving the horror fiction genre in the late 20th century.');
insert into author_details values(6, 'Bill Ransom (born 1945 in Puyallup, Washington) is a science fiction writer.');
insert into author_details values(7, 'Ion Nae Theodorescu (21 May 1880 – 14 July 1967) was a Romanian writer who wrote under the pen name Tudor Arghezi. He is best known for his unique contribution to poetry and childrens literature.');
insert into author_details values(8, 'George Bacovia (real name Gheorghe Vasiliu) was an acclaimed and popular poet within his lifetime, his six collections being published in several thousand copies.');
insert into author_details values(9, 'Rupi Kaur (born 4 October 1992) is a Canadian poet, illustrator, photographer, and author. Born in Punjab, India, Kaur immigrated to Canada at a young age with her family.');
insert into author_details values(10, 'Barack Obama (born August 4, 1961, Honolulu, Hawaii, U.S.) is the 44th president of the United States (2009–17) and the first African American to hold the office.');
insert into author_details values(11, 'Frank Miller (born January 27, 1957, Olney, Maryland, U.S.) American writer and artist whose work helped usher in a grittier, more mature era of storytelling in comics.');
insert into author_details values(12, 'Anne Frank was a Jewish girl whose diary of her family’s two publishing_years in hiding during the German occupation of the Netherlands became a classic of war literature.');
insert into author_details values(13, 'Nora Roberts (born October 10, 1950, Silver Spring, Maryland, U.S.) American romance novelist who was one of the most successful and prolific authors of the genre.');
insert into author_details values(14, 'Denis Diderot (born October 5, 1713, Langres, France—died July 31, 1784, Paris) was a French man of letters and philosopher who, from 1745 to 1772, served as chief editor of the Encyclopédie, one of the principal works of the Age of Enlightenment.');

INSERT INTO author (id,first_name,last_name) VALUES (3,'Ion','Creanga');
INSERT INTO author (id,first_name,last_name) VALUES (4,'J.K.','Rowling');
INSERT INTO author (id,first_name,last_name) VALUES (5,'Frank','Herbert');
INSERT INTO author (id,first_name,last_name) VALUES (6,'Mihai','Eminescu');
INSERT INTO author (id,first_name,last_name) VALUES (7,'Stephen','King');
INSERT INTO author (id,first_name,last_name) VALUES (8,'Bill','Ransom');
INSERT INTO author (id,first_name,last_name) VALUES (9,'Tudor','Arghezi');
INSERT INTO author (id,first_name,last_name) VALUES (10,'George','Bacovia');
INSERT INTO author (id,first_name,last_name) VALUES (11,'Rupi','Kaur');
INSERT INTO author (id,first_name,last_name) VALUES (12,'Barack','Obama');
INSERT INTO author (id,first_name,last_name) VALUES (13,'Frank','Miller');
INSERT INTO author (id,first_name,last_name) VALUES (14,'Anne','Frank');
INSERT INTO author (id,first_name,last_name) VALUES (15,'Nora','Roberts');
INSERT INTO author (id,first_name,last_name) VALUES (16,'Denis','Diderot');

 update author set author_details_id = 1 where id = 3;
 update author set author_details_id = 2 where id = 4;
 update author set author_details_id = 3 where id = 5;
 update author set author_details_id = 4 where id = 6;
 update author set author_details_id = 5 where id = 7;
 update author set author_details_id = 6 where id = 8;
 update author set author_details_id = 7 where id = 9;
 update author set author_details_id = 8 where id = 10;
 update author set author_details_id = 9 where id = 11;
 update author set author_details_id = 10 where id = 12;
 update author set author_details_id = 11 where id = 13;
 update author set author_details_id = 12 where id = 14;
 update author set author_details_id = 13 where id = 15;
 update author set author_details_id = 14 where id = 16;

INSERT INTO category (id,name) VALUES (2,'Fiction');
INSERT INTO category (id,name) VALUES (3,'Thriller');
INSERT INTO category (id,name) VALUES (5,'Science Fiction');
INSERT INTO category (id,name) VALUES (6,'Nonfiction');
INSERT INTO category (id,name) VALUES (7,'Poetry');
INSERT INTO category (id,name) VALUES (8,'History');
INSERT INTO category (id,name) VALUES (9,'Biography');
INSERT INTO category (id,name) VALUES (10,'Comic');
INSERT INTO category (id,name) VALUES (11,'Romance');
INSERT INTO category (id,name) VALUES (12,'Encyclopedia');

INSERT INTO publisher (id,name) VALUES (2,'Humanitas');
INSERT INTO publisher (id,name) VALUES (4,'Paralela 45');
INSERT INTO publisher (id,name) VALUES (5,'Nemira');
INSERT INTO publisher (id,name) VALUES (6,'Arthur');
INSERT INTO publisher (id,name) VALUES (7,'Trei');

INSERT INTO users (id,first_name,last_name,password,status,username) VALUES (1,'Vlad','Toader','$2a$10$RmJ.9nkP3E2hoZfbOs2IAuR6fJBqTaMPKEFfuUQbNaxSEHXyn.F.y','ACCEPTED','admin');
INSERT INTO users (id,first_name,last_name,password,status,username) VALUES (2,'Ramona','Toader','$2a$10$bikw3u4aJcoCfqxMQBO1M.kaY/QMRLurWZABleNcXaM6Uq8GOx6XC','ACCEPTED','librarian');
INSERT INTO users (id,first_name,last_name,password,status,username) VALUES (3,'Cosmin','Stefan','$2a$10$KGMBOCA/9orHY2KPmUdTV.oejIOJRna7eby.OPAIjo7OP7IyxtqaC','ACCEPTED','user1');
INSERT INTO users (id,first_name,last_name,password,status,username) VALUES (4,'Ion','Popescu','$2a$10$xlqc5dtqw15.SiIrIrIWR.ZNna8HSib.w476zAQteKOdXiP34EbbO','ACCEPTED','user2');
INSERT INTO users (id,first_name,last_name,password,status,username) VALUES (5,'Maria','Pop','$2a$10$8PoIab84XY5PJeQK8fIJzuTwxAbsiRtmYLkwIyHAlLejZlL9ADLNa','ACCEPTED','user3');
INSERT INTO users (id,first_name,last_name,password,status,username) VALUES (6,'Maria','Ionescu','$2a$10$cpq6cwf1jY0chWwFko65VeWqGfhWC6dNtUiz9lbMs4ZXwHjKTQD9.','PENDING','user4');
INSERT INTO users (id,first_name,last_name,password,status,username) VALUES (7,'Alexandru','Florea','$2a$10$mxaiTEKYa1Gwa75/.cdvcu1pAirt7HyYvMwdv./g/PbSLAkzQ9YIW','PENDING','librarian2');
INSERT INTO users (id,first_name,last_name,password,status,username) VALUES (8,'Maria','Iordan','$2a$10$0ALTt9JgBJpXlqAvv6Jp3eso3xKPB5v5yDdK8CDymYbaMRyuUhBwa','ACCEPTED','user5');
INSERT INTO users (id,first_name,last_name,password,status,username) VALUES (9,'Andrei','Toma','$2a$10$LpFU/frtmjl0nNd4kpbWbejgLrNWyflbqPsgyAuhq6v53.Qs9aZr6','ACCEPTED','user6');
INSERT INTO users (id,first_name,last_name,password,status,username) VALUES (10,'test','test','$2a$10$PGW91bJH7zGKPggLRLNIdOcwY80M6fy.YGe00z6Ersrnirp98VUrO','PENDING','usertest');

INSERT INTO role (id,name) VALUES (1,'ROLE_ADMIN');
INSERT INTO role (id,name) VALUES (2,'ROLE_USER');
INSERT INTO role (id,name) VALUES (3,'ROLE_LIBRARIAN');
INSERT INTO role (id,name) VALUES (4,'ROLE_JANITOR');

INSERT INTO user_role (user_id,role_id) VALUES (1,1);
INSERT INTO user_role (user_id,role_id) VALUES (2,3);
INSERT INTO user_role (user_id,role_id) VALUES (3,2);
INSERT INTO user_role (user_id,role_id) VALUES (4,2);
INSERT INTO user_role (user_id,role_id) VALUES (6,2);
INSERT INTO user_role (user_id,role_id) VALUES (7,3);
INSERT INTO user_role (user_id,role_id) VALUES (8,2);
INSERT INTO user_role (user_id,role_id) VALUES (9,2);
INSERT INTO user_role (user_id,role_id) VALUES (10,2);
INSERT INTO user_role (user_id,role_id) VALUES (5,2);

INSERT INTO past_user_role (user_id,role_id) VALUES (5,2);
INSERT INTO past_user_role (user_id,role_id) VALUES (5,3);
INSERT INTO past_user_role (user_id,role_id) VALUES (5,4);


INSERT INTO book (id,stock,title,publishing_year,publisher_id) VALUES (4,5,'Amintiri din copilarie',1890,4);
INSERT INTO book (id,stock,title,publishing_year,publisher_id) VALUES (5,3,'Dune',1965,2);
INSERT INTO book (id,stock,title,publishing_year,publisher_id) VALUES (6,3,'Dune Messiah',1969,2);
INSERT INTO book (id,stock,title,publishing_year,publisher_id) VALUES (8,10,'Harry Potter and the Philosophers Stone',1997,6);
INSERT INTO book (id,stock,title,publishing_year,publisher_id) VALUES (9,11,'Harry Potter and the Chamber of Secrets',1998,6);
INSERT INTO book (id,stock,title,publishing_year,publisher_id) VALUES (10,15,'Harry Potter and the Prisoner of Azkaban',1999,6);
INSERT INTO book (id,stock,title,publishing_year,publisher_id) VALUES (11,12,'Harry Potter and the Goblet of Fire',2000,6);
INSERT INTO book (id,stock,title,publishing_year,publisher_id) VALUES (12,7,'Harry Potter and the Order of the Phoenix',2003,6);
INSERT INTO book (id,stock,title,publishing_year,publisher_id) VALUES (13,11,'Harry Potter and the Half Blood Prince',2005,6);
INSERT INTO book (id,stock,title,publishing_year,publisher_id) VALUES (14,2,'Harry Potter and the Deathly Hallows',2007,6);
INSERT INTO book (id,stock,title,publishing_year,publisher_id) VALUES (15,15,'Carrie',1974,4);
INSERT INTO book (id,stock,title,publishing_year,publisher_id) VALUES (16,0,'The Shining',1977,4);
INSERT INTO book (id,stock,title,publishing_year,publisher_id) VALUES (18,5,'The Jesus Incident',1979,5);
INSERT INTO book (id,stock,title,publishing_year,publisher_id) VALUES (19,4,'Milk and Honey',2014,5);
INSERT INTO book (id,stock,title,publishing_year,publisher_id) VALUES (20,20,'Poezii',1865,5);
INSERT INTO book (id,stock,title,publishing_year,publisher_id) VALUES (23,15,'Flori de mucigai',1931,5);
INSERT INTO book (id,stock,title,publishing_year,publisher_id) VALUES (25,4,'Poezii',1890,5);
INSERT INTO book (id,stock,title,publishing_year,publisher_id) VALUES (26,5,'A Promised Land',2022,7);
INSERT INTO book (id,stock,title,publishing_year,publisher_id) VALUES (27,2,'Daredevil',1979,4);
INSERT INTO book (id,stock,title,publishing_year,publisher_id) VALUES (28,4,'The Diary of a Young Girl',1952,2);
INSERT INTO book (id,stock,title,publishing_year,publisher_id) VALUES (29,6,'Identity',2021,7);
INSERT INTO book (id,stock,title,publishing_year,publisher_id) VALUES (30,2,'Encyclopedie',1759,4);

INSERT INTO book_author (book_id,author_id) VALUES (4,3);
INSERT INTO book_author (book_id,author_id) VALUES (5,5);
INSERT INTO book_author (book_id,author_id) VALUES (6,5);
INSERT INTO book_author (book_id,author_id) VALUES (8,4);
INSERT INTO book_author (book_id,author_id) VALUES (9,4);
INSERT INTO book_author (book_id,author_id) VALUES (10,4);
INSERT INTO book_author (book_id,author_id) VALUES (11,4);
INSERT INTO book_author (book_id,author_id) VALUES (12,4);
INSERT INTO book_author (book_id,author_id) VALUES (13,4);
INSERT INTO book_author (book_id,author_id) VALUES (14,4);
INSERT INTO book_author (book_id,author_id) VALUES (15,7);
INSERT INTO book_author (book_id,author_id) VALUES (16,7);
INSERT INTO book_author (book_id,author_id) VALUES (18,5);
INSERT INTO book_author (book_id,author_id) VALUES (18,8);
INSERT INTO book_author (book_id,author_id) VALUES (19,11);
INSERT INTO book_author (book_id,author_id) VALUES (20,6);
INSERT INTO book_author (book_id,author_id) VALUES (23,9);
INSERT INTO book_author (book_id,author_id) VALUES (25,10);
INSERT INTO book_author (book_id,author_id) VALUES (26,12);
INSERT INTO book_author (book_id,author_id) VALUES (27,13);
INSERT INTO book_author (book_id,author_id) VALUES (28,14);
INSERT INTO book_author (book_id,author_id) VALUES (29,15);
INSERT INTO book_author (book_id,author_id) VALUES (30,16);

INSERT INTO book_category (book_id,category_id) VALUES (4,2);
INSERT INTO book_category (book_id,category_id) VALUES (5,2);
INSERT INTO book_category (book_id,category_id) VALUES (5,5);
INSERT INTO book_category (book_id,category_id) VALUES (6,2);
INSERT INTO book_category (book_id,category_id) VALUES (6,5);
INSERT INTO book_category (book_id,category_id) VALUES (8,2);
INSERT INTO book_category (book_id,category_id) VALUES (9,2);
INSERT INTO book_category (book_id,category_id) VALUES (10,2);
INSERT INTO book_category (book_id,category_id) VALUES (11,2);
INSERT INTO book_category (book_id,category_id) VALUES (12,2);
INSERT INTO book_category (book_id,category_id) VALUES (13,2);
INSERT INTO book_category (book_id,category_id) VALUES (14,2);
INSERT INTO book_category (book_id,category_id) VALUES (15,2);
INSERT INTO book_category (book_id,category_id) VALUES (15,3);
INSERT INTO book_category (book_id,category_id) VALUES (16,2);
INSERT INTO book_category (book_id,category_id) VALUES (16,3);
INSERT INTO book_category (book_id,category_id) VALUES (18,2);
INSERT INTO book_category (book_id,category_id) VALUES (18,5);
INSERT INTO book_category (book_id,category_id) VALUES (19,6);
INSERT INTO book_category (book_id,category_id) VALUES (19,7);
INSERT INTO book_category (book_id,category_id) VALUES (20,6);
INSERT INTO book_category (book_id,category_id) VALUES (20,7);
INSERT INTO book_category (book_id,category_id) VALUES (23,6);
INSERT INTO book_category (book_id,category_id) VALUES (23,7);
INSERT INTO book_category (book_id,category_id) VALUES (25,6);
INSERT INTO book_category (book_id,category_id) VALUES (25,7);
INSERT INTO book_category (book_id,category_id) VALUES (26,9);
INSERT INTO book_category (book_id,category_id) VALUES (27,10);
INSERT INTO book_category (book_id,category_id) VALUES (28,8);
INSERT INTO book_category (book_id,category_id) VALUES (29,11);
INSERT INTO book_category (book_id,category_id) VALUES (30,12);

INSERT INTO loan (id,actual_return_date,expected_return_date,loan_date,status,book_id,user_id,observations) VALUES (1,'2024-03-29 14:36:26.794000','2024-04-04 13:44:04.602000','2024-03-28 13:44:04.602000','RETURNED',4,1,NULL);
INSERT INTO loan (id,actual_return_date,expected_return_date,loan_date,status,book_id,user_id,observations) VALUES (3,'2024-03-28 18:40:26.433000','2024-04-04 15:11:33.097000','2024-03-28 15:11:33.097000','RETURNED',4,3,'pls!!!!');
INSERT INTO loan (id,actual_return_date,expected_return_date,loan_date,status,book_id,user_id,observations) VALUES (4,'2024-04-02 19:04:05.063000','2024-04-27 15:21:40.401000','2024-03-28 15:21:40.401000','RETURNED',4,2,'plspls');
INSERT INTO loan (id,actual_return_date,expected_return_date,loan_date,status,book_id,user_id,observations) VALUES (6,'2024-03-28 17:30:32.341000','2024-03-20 17:30:00.377000','2024-03-14 17:30:00.377000','RETURNED',4,4,'accepta te rog');
INSERT INTO loan (id,actual_return_date,expected_return_date,loan_date,status,book_id,user_id,observations) VALUES (7,'2024-03-28 18:42:17.743000','2024-04-04 18:40:46.506000','2024-03-28 18:40:46.506000','RETURNED',5,3,'');
INSERT INTO loan (id,actual_return_date,expected_return_date,loan_date,status,book_id,user_id,observations) VALUES (11,'2024-04-03 11:47:59.935000','2024-03-31 11:05:32.639000','2024-03-29 11:05:32.639000','RETURNED',4,3,'');
INSERT INTO loan (id,actual_return_date,expected_return_date,loan_date,status,book_id,user_id,observations) VALUES (12,NULL,'2024-04-02 22:04:07.743000','2024-03-29 22:04:07.743000','DECLINED',6,3,'');
INSERT INTO loan (id,actual_return_date,expected_return_date,loan_date,status,book_id,user_id,observations) VALUES (103,'2024-03-28 17:30:32.341000','2024-03-14 17:30:00.377000','2024-03-07 17:30:00.377000','RETURNED',6,4,'personal project');
INSERT INTO loan (id,actual_return_date,expected_return_date,loan_date,status,book_id,user_id,observations) VALUES (105,NULL,'2024-03-01 11:05:32.639000','2024-02-27 11:05:32.639000','ACCEPTED',9,3,'');
INSERT INTO loan (id,actual_return_date,expected_return_date,loan_date,status,book_id,user_id,observations) VALUES (106,'2024-04-03 18:48:39.785000','2024-04-12 13:04:18.560000','2024-04-02 13:04:18.560000','RETURNED',16,5,'');
INSERT INTO loan (id,actual_return_date,expected_return_date,loan_date,status,book_id,user_id,observations) VALUES (107,NULL,'2024-04-07 13:05:34.210000','2024-04-02 13:05:34.210000','DECLINED',15,5,'i love Stephen King');
INSERT INTO loan (id,actual_return_date,expected_return_date,loan_date,status,book_id,user_id,observations) VALUES (108,NULL,'2024-04-17 13:46:08.125000','2024-04-02 13:46:08.125000','ACCEPTED',13,5,'');
INSERT INTO loan (id,actual_return_date,expected_return_date,loan_date,status,book_id,user_id,observations) VALUES (109,NULL,'2024-04-17 13:46:15.732000','2024-04-02 13:46:15.732000','ACCEPTED',14,5,'');
INSERT INTO loan (id,actual_return_date,expected_return_date,loan_date,status,book_id,user_id,observations) VALUES (110,'2024-04-04 12:33:04.491000','2024-04-04 13:58:36.485000','2024-04-02 13:58:36.485000','RETURNED',19,8,'');
INSERT INTO loan (id,actual_return_date,expected_return_date,loan_date,status,book_id,user_id,observations) VALUES (111,'2024-04-03 11:52:58.290000','2024-04-09 14:30:06.674000','2024-04-02 14:30:06.674000','RETURNED',20,8,'');
INSERT INTO loan (id,actual_return_date,expected_return_date,loan_date,status,book_id,user_id,observations) VALUES (112,'2024-04-03 11:53:00.957000','2024-04-09 14:30:15.540000','2024-04-02 14:30:15.540000','RETURNED',23,8,'i love poetry');
INSERT INTO loan (id,actual_return_date,expected_return_date,loan_date,status,book_id,user_id,observations) VALUES (113,NULL,'2024-04-04 15:17:49.292000','2024-04-02 15:17:49.292000','DECLINED',15,8,'');
INSERT INTO loan (id,actual_return_date,expected_return_date,loan_date,status,book_id,user_id,observations) VALUES (114,NULL,'2024-04-17 15:20:08.413000','2024-04-02 15:20:08.413000','ACCEPTED',25,8,'');
INSERT INTO loan (id,actual_return_date,expected_return_date,loan_date,status,book_id,user_id,observations) VALUES (118,NULL,'2024-04-17 18:04:41.918000','2024-04-02 18:04:41.918000','ACCEPTED',16,8,'i need more time for this book');
INSERT INTO loan (id,actual_return_date,expected_return_date,loan_date,status,book_id,user_id,observations) VALUES (119,'2024-04-04 12:17:54.468000','2024-04-03 18:56:00.626000','2024-04-02 18:56:00.626000','RETURNED',29,9,'');
INSERT INTO loan (id,actual_return_date,expected_return_date,loan_date,status,book_id,user_id,observations) VALUES (120,NULL,'2024-03-29 18:56:00.626000','2024-03-24 18:56:00.626000','ACCEPTED',26,9,'');
INSERT INTO loan (id,actual_return_date,expected_return_date,loan_date,status,book_id,user_id,observations) VALUES (121,NULL,'2024-04-07 18:51:07.142000','2024-04-03 18:51:07.142000','DECLINED',28,9,'');

